type,label,x0,y0,x1,y1,centre_x,centre_y
room,SESSION 1,70,70,630,730,350,400
room,SESSION 2,680,70,1245,730,962,400
room,SESSION 3,1295,70,1855,730,1575,400
room,SESSION 4,1905,70,2470,730,2187,400
room,SESSION 5,2520,70,3080,730,2800,400
stage,Main Stage,1025,960,2125,1220,1575,1090
zone,Stage audience,1245,1340,1905,1585,1575,1462
table,Table T1,135,1120,345,1270,240,1195
table,Table T2,135,1460,345,1610,240,1535
table,Table T3,2805,1120,3015,1270,2910,1195
table,Table T4,2805,1460,3015,1610,2910,1535
table,Table T5,520,1830,730,1980,625,1905
table,Table T6,915,1830,1125,1980,1020,1905
table,Table T7,2025,1830,2235,1980,2130,1905
table,Table T8,2420,1830,2630,1980,2525,1905
room,Main Hall,70,880,3080,2030,1575,1455
